# Format: decimal_code, sample_file
# Odečteno z reálného SRX882S na GPIO15 (box A, sampler --listen
# --debounce-ms 5000 --confirm 3), 2026-09-29.
# Kódy A-E jsou tlačítka (A=3365153, B=3478913, C=3387393, D=3380993,
# E=3382769). Sampler čte jen WAV (opus převádí samples-decode.sh,
# `make samples`).
#
# Každý slot je vrstva: stisk ji rozfádí od ticha (--fade-ms), vzorek se
# přehraje jednou a sám se zastaví. Vrstvy se skládají — tlačítko B
# nepřeruší A, jen přidá další.
3365153, Kuchyn_A.wav
3478913, Kuchyn_B.wav
3387393, Kuchyn_C.wav
3380993, Kuchyn_D.wav
3382769, Kuchyn_E.wav
1002161, Sokol.wav
1269233, Sokol_B.wav
1124401, Sokol_C.wav
1274993, Sokol_D.wav
979281, Sokol_E.wav

# F (speciální klíč, jiný kód: id 318091): místo samplu umlčí všechny
# hrající vrstvy (@stopall). Služby běží dál. Slot je neaktivní bez
# --allow-restart (a root) — v sampler.service je zapnutý, bez něj
# tlačítko hlásí "not in map".
5089457, @stopall
